accurate,author_birth_year,gutenberg_id,id,period_start_year
True,1564,100,3195,1500
True,1564,811,3200,1500
True,1564,1094,3205,1500
True,1564,1104,3210,1500
True,1564,1109,3215,1500
True,1564,1114,3220,1500
True,1564,1119,3225,1500
True,1564,1124,3230,1500
True,1564,1129,3235,1500
True,1564,1134,3240,1500
False,1564,1430,3245,1800
True,1564,1503,3250,1500
True,1564,1513,3253,1500
True,1564,1518,3255,1500
True,1564,1533,3261,1500
True,1564,1548,3269,1500
True,1564,1784,3279,1500
True,1564,1790,3282,1500
False,1558,1992,3290,1700
False,1561,3290,3304,1800
False,1533,3585,3309,1600
True,1533,3590,3314,1500
True,1533,3595,3319,1500
True,1533,3600,3324,1500
False,1553,3841,3329,1700
False,1596,4391,3334,1700
False,1547,5904,3339,1800
False,1547,5909,3344,1800
False,1547,5914,3349,1800
False,1547,5919,3354,1800
False,1547,5924,3359,1800
False,1547,5929,3364,1800
False,1547,5934,3369,1800
True,1547,5939,3374,1500
False,1547,5944,3379,1800
False,1574,6749,3384,1800
False,1553,7566,3389,1900
True,1593,9198,3394,1500
False,1564,10606,3399,1800
True,1579,12039,3404,1500
True,1584,12221,3409,1500
False,1540,13133,3414,1700
True,1579,14549,3419,1500
False,1577,16423,3424,1600
False,1567,17779,3429,1800
False,1527,19553,3434,1800
False,1511,21212,3439,1800
True,1588,22001,3444,1500
False,1564,22791,3449,1700
True,1564,23045,3454,1500
False,1511,25326,3459,1800
False,1515,26752,3464,1700
True,1580,28108,3468,1500
True,1511,28422,3473,1500
False,1511,32362,3478,1700
False,1520,33891,3483,1800
True,1579,35303,3488,1500
False,1587,37659,3493,1800
False,1569,39054,3498,1800
False,1569,42399,3503,1800
False,1562,43451,3508,1600
True,1564,45128,3513,1500
False,1580,46125,3518,1800
True,1564,47518,3523,1500
False,1518,48770,3528,1800
False,1518,49095,3533,1800
True,1564,50095,3538,1500
True,1608,20,3543,1600
False,1608,397,3547,1700
False,1667,623,3552,1700
True,1632,920,3557,1600
False,1632,990,3562,1800
True,1667,1090,3567,1600
False,1608,1745,3572,1500
True,1631,2062,3577,1600
False,1694,2445,3581,1700
False,1667,2643,3586,1700
False,1692,3150,3591,1700
True,1694,3352,3596,1600
True,1694,3357,3601,1600
False,1633,4117,3646,1800
True,1694,3531,3606,1600
True,1632,3800,3611,1600
True,1613,3846,3616,1600
False,1641,3851,3621,1700
False,1652,3856,3626,1700
False,1675,3861,3631,1700
False,1675,3866,3636,1700
False,1675,3871,3641,1800
True,1622,6923,3810,1600
True,1633,4122,3651,1600
True,1633,4127,3656,1600
True,1633,4132,3661,1600
True,1633,4137,3666,1600
True,1633,4142,3671,1600
True,1633,4147,3676,1600
True,1633,4152,3681,1600
True,1633,4157,3686,1600
True,1633,4162,3691,1600
True,1633,4167,3696,1600
True,1633,4172,3701,1600
True,1633,4177,3706,1600
True,1633,4182,3711,1600
True,1633,4187,3716,1600
True,1633,4192,3721,1600
True,1633,4197,3726,1600
False,1667,4208,3731,1800
True,1685,4722,3736,1600
False,1657,4752,3741,1800
False,1655,4977,3746,1800
True,1621,5277,3751,1600
True,1621,5282,3756,1600
True,1621,5287,3761,1600
True,1621,5292,3766,1600
True,1621,5297,3771,1600
True,1623,5619,3776,1600
False,1680,6035,3781,1800
False,1625,6064,3786,1700
False,1600,6371,3790,1800
False,1657,6509,3795,1800
True,1657,6514,3800,1600
True,1622,6564,3805,1600
False,1621,7241,3815,1700
False,1622,7444,3820,1700
True,1633,7554,3825,1600
False,1657,7798,3829,1800
True,1640,8885,3834,1600
False,1688,9413,3839,1700
True,1689,9881,3844,1600
False,1689,10590,3849,1700
True,1672,11010,3854,1600
True,1631,11578,3859,1600
False,1600,12173,3864,1700
False,1627,12544,3869,1700
True,1689,12958,3874,1600
True,1658,13285,3879,1600
False,1667,13621,3884,1700
False,1667,14353,3889,1700
False,1631,14947,3894,1700
True,1683,15329,3899,1600
True,1648,15649,3904,1600
False,1642,15784,3909,1700
False,1688,16044,3914,1700
False,1688,16346,3919,1700
False,1688,16627,3924,1800
False,1628,17208,3929,1800
True,1620,17833,3934,1600
False,1694,18569,3939,1800
False,1608,19819,3944,1800
False,1672,20648,3949,1700
False,1697,21513,3954,1700
True,1627,22914,3959,1600
True,1627,24238,3964,1600
False,1648,25133,3969,1700
False,1622,27072,3974,1800
False,1621,28375,3979,1700
False,1628,29021,3983,1700
True,1651,29547,3988,1600
False,1614,30327,3993,1800
False,1686,30577,3998,1800
False,1628,31431,4003,1800
True,1685,31848,4008,1600
False,1688,32841,4013,1700
False,1642,33504,4018,1800
False,1694,35624,4027,1700
False,1694,35629,4032,1700
False,1605,35888,4037,1800
True,1679,37218,4042,1600
False,1674,37543,4047,1800
False,1693,38102,4052,1700
True,1692,38501,4057,1600
True,1628,39452,4062,1600
False,1616,40339,4067,1800
False,1660,41076,4072,1700
False,1684,42022,4077,1800
False,1688,43271,4082,1700
True,1640,43629,4087,1600
False,1631,44050,4092,1700
True,1615,44655,4097,1600
False,1655,45471,4102,1700
False,1697,47130,4107,1700
True,1626,47787,4112,1600
False,1621,50316,4117,1800
False,1697,51459,4122,1700
False,1698,52086,4127,1700
True,1663,53412,4132,1600
False,1783,41,4137,1800
True,1775,121,4142,1700
False,1772,151,4147,1800
True,1758,247,4152,1700
True,1753,409,4157,1700
True,1764,573,4162,1700
True,1758,662,4167,1700
True,1737,731,4172,1700
True,1737,736,4177,1700
True,1771,792,4182,1700
True,1775,946,4190,1700
True,1713,1079,4195,1700
True,1707,1147,4200,1700
False,1799,1215,4205,1800
False,1799,1237,4210,1800
False,1749,1287,4214,1800
False,1799,1307,4219,1800
True,1799,1344,4224,1700
False,1799,1369,4229,1800
True,1771,1377,4234,1700
True,1799,1403,4239,1700
True,1799,1411,4243,1700
True,1799,1426,4248,1700
True,1799,1437,4253,1700
False,1799,1456,4258,1800
False,1799,1475,4263,1800
False,1799,1555,4268,1800
True,1771,1606,4273,1700
False,1799,1660,4278,1800
False,1799,1683,4283,1800
False,1799,1729,4288,1800
False,1799,1811,4293,1800
False,1799,1841,4298,1800
False,1799,1873,4303,1800
False,1799,1899,4308,1800
False,1799,1925,4313,1800
False,1799,1941,4318,1800
False,1799,1950,4323,1800
False,1799,1968,4328,1800
True,1760,2060,4333,1700
True,1722,2093,4338,1700
False,1795,2104,4343,1800
True,1795,2109,4348,1700
True,1795,2114,4353,1700
True,1795,2119,4358,1700
True,1767,2129,4363,1700
False,1789,2275,4368,1800
False,1789,2328,4373,1800
False,1795,2490,4378,1800
True,1729,2663,4387,1700
True,1789,2792,4392,1700
True,1725,2951,4397,1700
True,1725,2956,4402,1700
True,1725,2961,4407,1700
True,1725,2966,4412,1700
True,1725,2971,4417,1700
True,1725,2976,4422,1700
True,1725,2981,4427,1700
True,1764,3268,4432,1700
False,1796,3327,4437,1800
False,1784,3539,4442,1500
True,1769,3554,4447,1700
True,1769,3559,4452,1700
True,1769,3564,4457,1700
False,1778,3569,4462,1800
True,1778,3574,4467,1700
False,1778,3579,4472,1800
True,1737,3741,4476,1700
False,1782,3759,4480,1800
True,1729,3820,4485,1700
True,1749,3882,4490,1700
True,1752,3888,4495,1700
True,1712,3902,4500,1700
True,1712,3907,4505,1700
True,1712,3912,4510,1700
False,1797,3950,4515,1800
True,1775,4008,4520,1700
False,1787,4033,4525,1800
False,1787,4048,4530,1800
True,1721,4084,4535,1700
True,1766,4239,4540,1700
True,1711,4320,4545,1700
True,1766,4335,4550,1700
True,1717,4609,4555,1700
True,1709,4678,4560,1700
True,1711,4705,4565,1700
True,1792,4797,4570,1700
True,1796,4912,4575,1700
False,1796,4928,4580,1800
True,1732,5010,4585,1700
False,1767,5015,4586,1800
True,1799,5089,4590,1700
True,1796,5108,4595,1700
True,1729,5182,4600,1700
True,1754,5210,4605,1700
True,1771,5305,4610,1700
True,1771,5353,4615,1700
True,1709,5429,4620,1700
False,1798,5647,4625,1800
True,1724,5682,4630,1700
False,1796,5817,4635,1800
True,1799,5958,4640,1700
True,1737,6031,4644,1700
True,1772,6081,4649,1700
True,1707,6096,4654,1700
True,1785,6146,4659,1700
True,1785,6170,4664,1700
True,1752,6346,4669,1700
True,1771,6428,4674,1700
True,1771,6490,4679,1700
True,1771,6661,4684,1700
False,1797,6701,4689,1800
True,1721,6758,4694,1700
True,1759,6771,4699,1700
True,1759,6776,4704,1700
True,1759,6781,4709,1700
False,1759,6786,4714,1800
True,1759,6791,4718,1700
True,1759,6796,4723,1700
False,1707,6828,4728,1600
True,1771,6939,4733,1700
True,1771,6944,4738,1700
True,1783,7002,4743,1700
True,1771,7023,4748,1700
False,1795,7087,4753,1800
True,1767,7148,4758,1700
True,1760,7258,4763,1700
False,1799,7416,4768,1800
True,1712,7555,4773,1700
False,1775,7768,4778,1800
False,1796,7822,4783,1800
True,1756,7851,4788,1700
True,1798,7902,4793,1700
True,1798,7907,4798,1700
True,1798,7912,4803,1700
True,1798,7917,4808,1700
True,1798,7922,4813,1700
True,1783,7948,4818,1700
True,1783,7993,4823,1700
False,1790,8114,4828,1800
False,1772,8208,4833,1800
True,1771,8225,4838,1700
True,1773,8461,4843,1700
True,1767,8531,4848,1700
True,1731,8592,4853,1700
False,1793,8672,4858,1800
False,1797,8743,4863,1800
True,1767,8826,4868,1700
True,1784,8884,4873,1700
True,1723,8910,4878,1700
True,1770,8940,4883,1700
False,1766,9043,4888,1800
True,1766,9092,4893,1700
True,1767,9107,4898,1700
False,1796,9196,4903,1800
True,1767,9414,4908,1700
True,1776,9478,4913,1700
True,1707,9611,4918,1700
True,1711,9662,4923,1700
True,1745,9811,4928,1700
True,1789,9845,4933,1700
True,1775,10125,4942,1700
True,1770,10219,4947,1700
True,1709,10351,4952,1700
True,1740,10451,4961,1700
True,1756,10597,4966,1700
True,1760,10633,4971,1700
False,1788,10731,4980,1800
True,1772,10801,4985,1700
True,1709,10835,4990,1700
False,1798,10915,4995,1800
True,1791,11017,5000,1700
True,1779,11059,5005,1700
True,1793,11119,5010,1700
True,1776,11194,5015,1700
True,1709,11254,5020,1700
True,1789,11409,5025,1700
True,1793,11454,5030,1700
False,1788,11585,5034,1800
True,1709,11768,5039,1700
False,1787,11951,5044,1800
True,1787,11956,5049,1700
True,1703,12014,5054,1700
True,1717,12073,5059,1700
True,1755,12325,5064,1700
True,1789,12445,5069,1700
True,1762,12519,5074,1700
True,1797,12561,5079,1700
True,1782,12669,5084,1700
True,1726,12861,5089,1700
True,1792,12954,5094,1700
True,1792,13033,5099,1700
True,1770,13065,5104,1700
True,1799,13159,5109,1700
True,1792,13276,5114,1700
True,1755,13381,5119,1700
False,1799,13511,5124,1800
True,1795,13534,5129,1700
True,1772,13606,5133,1700
True,1789,13824,5138,1700
True,1798,13988,5143,1700
True,1717,14098,5148,1700
True,1783,14228,5153,1700
True,1764,14424,5158,1700
True,1755,14464,5163,1700
True,1755,14611,5168,1700
True,1771,14860,5173,1700
True,1745,15031,5178,1700
True,1738,15100,5183,1700
True,1769,15254,5188,1700
True,1760,15304,5193,1700
False,1716,15409,5198,1800
True,1758,15469,5203,1700
True,1794,15581,5208,1700
True,1729,15700,5213,1700
True,1749,15850,5218,1700
True,1786,15911,5223,1700
True,1794,16002,5228,1700
True,1794,16007,5233,1700
False,1794,16012,5238,1800
True,1794,16017,5243,1700
True,1756,16199,5248,1700
False,1794,16227,5253,1800
True,1729,16292,5258,1700
True,1741,16445,5263,1700
True,1779,16549,5268,1700
True,1779,16609,5273,1700
True,1719,16724,5278,1700
True,1743,16782,5283,1700
True,1766,16896,5288,1700
True,1788,16997,5293,1700
False,1774,17124,5298,1900
True,1717,17411,5303,1700
True,1775,17595,5308,1700
True,1779,17684,5313,1700
True,1778,17882,5318,1700
True,1794,18049,5323,1700
True,1774,18136,5328,1700
True,1794,18290,5333,1700
False,1720,18417,5338,1800
True,1755,18591,5343,1700
True,1792,18601,5348,1700
True,1785,18862,5352,1700
True,1786,18985,5357,1700
True,1746,19123,5362,1700
True,1711,19213,5367,1700
False,1798,19315,5372,1800
True,1745,19595,5377,1700
True,1787,19879,5382,1700
False,1791,20014,5387,1800
True,1762,20177,5392,1700
True,1740,20263,5397,1700
True,1711,20450,5402,1700
True,1791,20504,5407,1700
True,1771,20749,5411,1700
False,1791,20828,5416,1800
True,1797,20946,5421,1700
True,1785,21201,5426,1700
False,1792,21549,5431,1800
True,1792,21554,5434,1700
False,1792,21559,5438,1800
True,1792,21574,5441,1700
True,1792,21580,5445,1700
True,1788,21811,5450,1700
True,1746,21843,5454,1700
True,1791,21973,5458,1700
True,1755,22337,5463,1700
False,1742,22490,5468,1800
False,1771,22656,5473,1800
False,1787,22836,5478,1800
True,1787,22841,5483,1700
False,1787,22846,5488,1800
True,1792,23138,5493,1700
False,1749,23281,5498,1800
False,1795,23684,5503,1800
False,1785,23788,5508,1800
False,1775,24015,5513,1800
True,1795,24280,5517,1700
True,1796,24419,5522,1700
True,1728,24591,5527,1700
True,1779,24718,5532,1700
True,1732,25008,5537,1700
True,1788,25340,5542,1700
False,1749,25698,5547,1800
False,1759,25733,5552,1800
False,1785,25940,5557,1800
True,1723,26050,5562,1700
True,1784,26170,5567,1700
True,1750,26457,5572,1700
False,1787,26688,5577,1800
True,1718,26870,5582,1700
False,1798,27069,5587,1800
True,1735,27221,5592,1700
True,1786,27366,5597,1700
True,1731,27600,5602,1700
True,1764,27740,5607,1700
True,1754,27763,5612,1700
False,1738,28172,5617,1800
False,1799,28563,5626,1800
False,1786,28745,5631,1800
True,1787,28879,5636,1700
False,1759,28969,5641,1500
True,1772,29091,5646,1700
True,1799,29215,5651,1700
True,1729,29226,5656,1700
True,1785,29231,5660,1700
True,1792,29291,5665,1700
True,1765,29372,5670,1700
False,1794,29700,5675,1800
False,1799,30129,5680,1800
True,1781,30323,5685,1700
True,1798,30478,5690,1700
True,1779,30564,5695,1700
True,1743,30775,5700,1700
True,1766,31078,5705,1700
True,1789,31210,5710,1700
True,1723,31275,5715,1700
True,1764,31374,5720,1700
False,1793,31517,5725,1800
True,1798,31568,5730,1700
True,1745,31697,5734,1700
True,1764,31747,5739,1700
False,1789,31832,5743,1800
True,1755,31934,5748,1700
False,1761,32192,5753,1800
True,1770,32459,5758,1700
False,1789,32632,5763,1800
True,1783,32987,5768,1700
True,1751,33344,5773,1700
False,1795,33478,5778,1800
False,1749,33670,5783,1800
False,1797,34010,5788,1800
True,1744,34123,5793,1700
True,1793,34338,5798,1700
True,1732,34479,5803,1700
True,1751,34634,5808,1700
True,1707,34779,5813,1700
True,1787,34867,5818,1700
False,1793,35152,5823,1800
True,1794,35224,5828,1700
True,1779,35409,5833,1700
True,1769,35532,5838,1700
False,1763,35664,5843,1800
True,1797,35870,5848,1700
True,1753,35959,5853,1700
True,1786,36113,5858,1700
False,1763,36164,5862,1800
True,1792,36208,5867,1700
True,1771,36290,5872,1700
True,1706,36338,5877,1700
True,1789,36406,5882,1700
True,1791,36501,5887,1700
False,1783,36544,5892,1800
True,1717,36575,5897,1700
True,1789,36631,5902,1700
False,1798,36660,5906,1800
True,1794,36818,5911,1700
True,1782,36843,5916,1700
True,1764,37057,5920,1700
True,1720,37311,5925,1700
True,1752,37438,5930,1700
False,1797,37478,5935,1800
True,1766,37571,5940,1700
True,1758,37764,5945,1700
False,1786,37925,5950,1800
True,1723,38094,5955,1700
True,1779,38230,5960,1700
True,1793,38332,5965,1700
True,1790,38377,5970,1700
False,1788,40097,6064,1800
True,1719,38444,5975,1700
True,1752,38529,5980,1700
True,1799,38621,5985,1700
True,1785,38741,5990,1700
True,1782,38784,5995,1700
True,1780,38997,6000,1700
False,1792,39055,6005,1800
True,1797,39087,6010,1700
True,1789,39207,6015,1700
True,1725,39301,6019,1700
True,1725,39306,6024,1700
True,1789,39472,6029,1700
True,1793,39615,6034,1700
True,1780,39710,6039,1700
True,1796,39758,6044,1700
True,1741,39890,6049,1700
True,1770,39959,6054,1700
True,1788,40021,6059,1700
True,1769,40180,6069,1700
True,1706,40236,6074,1700
False,1798,40405,6079,1800
True,1794,40435,6084,1700
True,1741,40474,6089,1700
True,1752,40619,6094,1700
False,1795,40732,6099,1800
True,1781,40860,6104,1700
False,1771,40924,6109,1800
True,1794,40971,6114,1700
False,1789,41014,6119,1800
True,1785,41145,6124,1700
True,1772,41212,6129,1700
True,1793,41299,6134,1700
True,1794,41470,6138,1700
True,1749,41646,6143,1700
False,1770,41796,6148,1800
True,1784,42060,6153,1700
True,1787,42154,6158,1700
True,1790,42410,6167,1700
True,1793,42602,6172,1700
True,1773,42839,6181,1700
False,1782,42947,6186,1800
True,1772,43099,6191,1700
False,1789,43262,6196,1800
True,1794,43504,6201,1700
True,1792,43543,6206,1700
True,1759,43578,6211,1700
False,1793,43693,6216,1800
True,1779,43774,6221,1700
True,1746,43858,6226,1700
True,1789,44056,6231,1700
True,1794,44140,6236,1700
True,1772,44264,6241,1700
False,1798,44287,6246,1800
True,1778,44408,6251,1700
False,1789,44444,6256,1800
False,1778,44562,6261,1800
False,1780,44736,6266,1800
True,1772,44795,6271,1700
False,1789,44875,6276,1800
False,1775,44934,6281,1800
True,1789,45160,6286,1700
True,1787,45496,6291,1700
True,1707,45639,6296,1700
True,1771,45778,6301,1700
False,1794,45851,6306,1800
True,1799,46009,6311,1700
False,1797,46260,6316,1800
False,1789,46331,6321,1800
False,1795,46608,6326,1800
True,1776,46697,6331,1700
True,1754,46858,6336,1700
True,1773,47485,6341,1700
False,1799,48067,6346,1800
True,1706,48138,6351,1700
False,1724,48433,6356,1800
True,1796,48698,6361,1700
True,1771,48838,6366,1700
False,1784,48925,6371,1800
False,1703,49180,6376,1600
True,1789,49500,6381,1700
False,1789,49672,6386,1800
True,1793,50053,6390,1700
True,1769,50750,6395,1700
False,1796,51090,6400,1800
False,1770,51635,6405,1800
True,1745,51821,6410,1700
True,1794,52119,6415,1700
False,1798,52356,6420,1800
True,1795,52413,6425,1700
False,1724,52821,6434,1800
True,1798,53020,6439,1700
True,1795,53290,6444,1700
False,1804,40654,6449,1700
True,1818,39401,6454,1800
True,1812,33163,6459,1800
True,1814,3671,6464,1800
True,1804,20003,6469,1800
True,1819,39723,6472,1800
True,1803,14475,6477,1800
True,1803,7711,6482,1800
True,1812,44995,6487,1800
True,1809,2739,6492,1800
True,1814,4822,6497,1800
True,1819,44805,6502,1800
True,1819,1335,6507,1800
True,1811,48314,6512,1800
True,1811,34922,6517,1800
True,1812,24022,6522,1800
True,1814,23050,6527,1800
True,1814,4814,6532,1800
True,1812,41894,6537,1800
True,1818,35443,6542,1800
True,1819,2701,6547,1800
True,1802,6757,6552,1800
True,1818,8935,6557,1800
False,1810,30607,6562,1700
False,1813,25889,6567,1700
True,1808,7295,6572,1800
True,1814,4827,6577,1800
True,1803,33167,6582,1800
True,1814,4807,6587,1800
True,1803,1936,6592,1800
True,1814,3067,6597,1800
True,1814,4872,6602,1800
True,1814,4898,6607,1800
False,1803,7621,6612,1700
True,1814,26449,6616,1800
True,1814,23049,6621,1800
False,1803,7645,6626,1700
True,1804,33,6631,1800
True,1800,16367,6636,1800
False,1809,38837,6641,1700
True,1809,51489,6646,1800
True,1809,2354,6651,1800
True,1816,36591,6656,1800
True,1815,26541,6661,1800
True,1814,46883,6666,1800
True,1813,38147,6671,1800
True,1804,33803,6676,1800
True,1813,4523,6681,1800
True,1809,14094,6686,1800
True,1803,9770,6691,1800
True,1810,45034,6696,1800
True,1814,33023,6701,1800
True,1818,43716,6706,1800
True,1803,7702,6711,1800
True,1819,20762,6716,1800
True,1803,28817,6721,1800
True,1812,30127,6726,1800
True,1818,21239,6731,1800
True,1804,20004,6736,1800
True,1809,50611,6741,1800
True,1813,23435,6746,1800
True,1819,17774,6751,1800
True,1810,5252,6756,1800
True,1800,51187,6761,1800
True,1806,33468,6766,1800
True,1805,26491,6771,1800
True,1819,25412,6776,1800
True,1817,43337,6781,1800
True,1804,513,6786,1800
True,1803,28826,6791,1800
False,1801,44144,6796,1700
True,1805,27000,6801,1800
True,1809,22728,6806,1800
True,1807,9572,6811,1800
True,1806,34580,6816,1800
True,1817,10420,6821,1800
True,1803,7714,6826,1800
True,1804,9219,6831,1800
True,1816,31212,6836,1800
True,1804,7879,6841,1800
True,1808,50864,6846,1800
True,1804,19771,6851,1800
True,1811,2646,6856,1800
True,1802,23275,6861,1800
True,1812,650,6866,1800
True,1806,16906,6871,1800
True,1803,7624,6876,1800
True,1807,9562,6881,1800
True,1817,10703,6886,1800
True,1819,42892,6891,1800
True,1805,17860,6896,1800
True,1803,7593,6901,1800
True,1807,38486,6906,1800
True,1814,4866,6911,1800
True,1818,21237,6916,1800
True,1811,24648,6921,1800
True,1809,3426,6926,1800
True,1817,38175,6931,1800
False,1816,12362,6936,1700
True,1801,50856,6941,1800
True,1814,510,6946,1800
True,1817,14224,6951,1800
True,1807,9592,6956,1800
True,1818,42834,6961,1800
False,1809,35839,6966,1700
False,1809,35133,6971,1700
True,1811,22661,6976,1800
True,1806,39734,6981,1800
False,1813,37997,6985,1700
True,1801,50491,6990,1800
True,1812,52421,6995,1800
True,1814,4808,7000,1800
True,1815,33517,7005,1800
True,1812,52767,7010,1800
True,1802,1184,7015,1800
False,1802,2745,7020,1700
True,1819,7815,7025,1800
True,1818,39427,7030,1800
True,1807,9600,7035,1800
True,1815,3622,7040,1800
True,1811,50370,7045,1800
True,1812,12426,7050,1800
True,1801,49650,7055,1800
True,1818,41172,7060,1800
True,1814,4845,7065,1800
True,1806,33217,7070,1800
True,1811,22660,7075,1800
True,1802,3617,7080,1800
True,1812,916,7085,1800
True,1810,18937,7090,1800
False,1800,45385,7099,1700
True,1805,13811,7104,1800
True,1817,1022,7109,1800
True,1813,49352,7114,1800
False,1804,7926,7119,1700
True,1815,23184,7123,1800
True,1811,9904,7128,1800
True,1813,36081,7133,1800
True,1803,9768,7138,1800
True,1808,45430,7248,1800
True,1805,2866,7143,1800
True,1809,34827,7148,1800
True,1800,41642,7153,1800
False,1802,40281,7158,1700
True,1815,3718,7163,1800
True,1817,40870,7168,1800
True,1809,4346,7173,1800
True,1817,43591,7178,1800
True,1814,4899,7183,1800
True,1819,8523,7188,1800
True,1806,32082,7193,1800
True,1818,3309,7198,1800
True,1812,786,7203,1800
True,1805,49680,7208,1800
False,1803,7619,7213,1700
True,1803,7658,7218,1800
True,1815,9476,7223,1800
True,1811,48376,7228,1800
True,1812,824,7233,1800
True,1812,24765,7238,1800
False,1803,7634,7243,1700
True,1812,33008,7253,1800
True,1812,17393,7258,1800
False,1803,29107,7263,1700
True,1804,9215,7268,1800
True,1804,34308,7273,1800
True,1811,51025,7277,1800
False,1803,7730,7282,1700
True,1812,725,7287,1800
True,1803,7696,7292,1800
True,1811,38677,7297,1800
True,1804,3760,7302,1800
True,1809,4744,7307,1800
False,1814,41570,7312,1900
True,1819,22230,7317,1800
True,1814,39285,7322,1800
True,1813,11030,7327,1800
True,1812,16162,7332,1800
True,1805,32047,7337,1800
False,1803,7639,7342,1700
True,1803,12896,7347,1800
True,1815,5231,7407,1800
True,1806,30107,7352,1800
True,1803,21024,7357,1800
True,1802,36753,7362,1800
True,1802,2609,7367,1800
True,1803,42837,7372,1800
True,1812,25853,7377,1800
True,1817,48721,7382,1800
True,1815,42322,7387,1800
True,1814,40940,7392,1800
True,1811,2648,7397,1800
True,1819,17948,7402,1800
True,1815,3717,7412,1800
True,1811,47958,7417,1800
True,1815,26618,7422,1800
True,1812,35536,7426,1800
True,1818,45403,7431,1800
True,1800,36209,7436,1800
True,1801,49468,7441,1800
True,1839,31007,7446,1800
True,1824,2370,7451,1800
True,1836,1758,7456,1800
True,1836,2555,7461,1800
True,1833,12631,7466,1800
True,1822,8904,7471,1800
True,1825,5990,7476,1800
True,1837,21340,7481,1800
True,1832,20091,7486,1800
True,1837,4600,7491,1800
True,1825,40257,7496,1800
True,1832,10724,7501,1800
True,1832,18110,7506,1800
False,1834,50507,7511,1700
True,1832,19033,7516,1800
True,1828,14280,7521,1800
True,1836,6434,7525,1800
True,1822,18803,7529,1800
True,1837,5472,7534,1800
True,1822,14194,7539,1800
True,1824,1953,7544,1800
True,1823,21766,7549,1800
True,1825,23166,7554,1800
True,1837,7364,7559,1800
True,1822,24660,7564,1800
True,1835,43170,7569,1800
True,1824,10093,7574,1800
True,1835,44262,7579,1800
True,1834,49827,7584,1800
True,1837,3381,7589,1800
True,1831,24918,7593,1800
True,1837,5461,7597,1800
True,1823,40143,7602,1800
True,1839,20963,7607,1800
True,1822,25620,7612,1800
True,1829,31837,7617,1800
True,1834,46947,7622,1800
False,1824,30236,7627,1700
False,1822,18696,7632,1700
True,1834,49406,7637,1800
True,1830,20065,7642,1800
True,1832,5833,7647,1800
True,1832,52616,7652,1800
True,1834,43601,7657,1800
True,1826,21767,7662,1800
True,1830,3987,7667,1800
True,1823,5156,7672,1800
True,1821,21977,7677,1800
True,1824,5975,7682,1800
True,1825,34770,7687,1800
True,1832,24244,7692,1800
True,1837,31273,7697,1800
True,1828,1042,7702,1800
True,1837,25536,7706,1800
True,1823,47908,7711,1800
True,1837,18673,7716,1800
True,1835,17718,7721,1800
True,1820,40515,7726,1800
True,1834,52555,7731,1800
True,1837,5490,7736,1800
True,1831,33195,7741,1800
True,1830,35639,7746,1800
True,1834,40859,7751,1800
True,1830,21128,7756,1800
True,1836,10165,7761,1800
True,1828,52388,7766,1800
True,1828,4496,7771,1800
True,1837,17347,7776,1800
True,1825,23389,7781,1800
True,1828,986,7786,1800
True,1837,3384,7791,1800
True,1837,3380,7796,1800
True,1823,31868,7801,1800
True,1829,34658,7806,1800
True,1839,31019,7811,1800
True,1835,41375,7816,1800
True,1835,8588,7821,1800
True,1833,44492,7826,1800
True,1828,14379,7831,1800
True,1835,8525,7836,1800
True,1832,22022,7841,1800
True,1836,2544,7846,1800
True,1824,36157,7851,1800
True,1822,12549,7856,1800
True,1825,21749,7861,1800
True,1839,43130,7866,1800
True,1831,34140,7871,1800
True,1837,40233,7876,1800
True,1821,24963,7881,1800
True,1831,37842,7886,1800
True,1830,52647,7891,1800
False,1838,45654,7896,1700
True,1833,50068,7901,1800
True,1825,43328,7906,1800
True,1831,21495,7911,1800
True,1838,36043,7916,1800
True,1821,5761,7921,1800
True,1828,31034,7926,1800
True,1825,2940,7931,1800
True,1828,1698,7936,1800
True,1838,33443,7941,1800
True,1837,19896,7946,1800
True,1823,26572,7951,1800
True,1832,7366,7956,1800
False,1835,40978,7961,1700
True,1822,46018,7966,1800
True,1837,39989,7971,1800
True,1822,25444,7976,1800
True,1836,25508,7981,1800
True,1837,7404,7986,1800
True,1835,52444,7991,1800
True,1828,42870,7996,1800
True,1832,27567,8001,1800
True,1824,1627,8006,1800
True,1824,40841,8011,1800
True,1834,16518,8016,1800
True,1822,45118,8021,1800
True,1827,14510,8026,1800
True,1839,21636,8031,1800
True,1838,41813,8036,1800
True,1824,18614,8080,1800
True,1830,25000,8085,1800
True,1828,25701,8041,1800
True,1832,20459,8046,1800
True,1828,83,8051,1800
True,1820,31933,8056,1800
True,1834,12429,8060,1800
True,1831,34490,8065,1800
True,1833,38106,8070,1800
True,1821,51252,8075,1800
True,1839,18275,8090,1800
True,1834,39431,8095,1800
True,1830,33878,8100,1800
True,1835,3183,8105,1800
True,1836,2712,8109,1800
True,1835,3178,8114,1800
True,1821,15176,8119,1800
True,1826,27101,8124,1800
True,1835,93,8129,1800
True,1831,3931,8134,1800
True,1825,42442,8139,1800
True,1838,8428,8144,1800
True,1826,28322,8149,1800
True,1825,47086,8154,1800
True,1828,41119,8159,1800
True,1832,26043,8164,1800
True,1820,41480,8169,1800
True,1833,38811,8174,1800
True,1823,5843,8179,1800
True,1823,28077,8184,1800
True,1828,4443,8188,1800
True,1832,28885,8193,1800
True,1823,27732,8197,1800
True,1828,21489,8202,1800
True,1835,43935,8207,1800
False,1832,3802,8212,1700
True,1831,4739,8217,1800
True,1832,19398,8222,1800
True,1828,26003,8227,1800
True,1832,14183,8232,1800
True,1832,4960,8237,1800
True,1839,43108,8242,1800
True,1837,5487,8247,1800
True,1834,20651,8252,1800
True,1832,4002,8257,1800
True,1839,51487,8262,1800
True,1828,4449,8267,1800
True,1824,22195,8272,1800
True,1826,53391,8277,1800
True,1837,8171,8282,1800
True,1837,9940,8287,1800
True,1837,40237,8292,1800
True,1830,33583,8297,1800
True,1820,32812,8302,1800
True,1821,6475,8307,1800
True,1825,47085,8312,1800
True,1837,5579,8317,1800
True,1831,5109,8322,1800
True,1828,4410,8326,1800
True,1835,28724,8331,1800
True,1837,18009,8336,1800
True,1838,6028,8341,1800
True,1837,5587,8346,1800
True,1837,39212,8351,1800
True,1835,3199,8356,1800
False,1823,19694,8361,1700
True,1830,48804,8366,1800
True,1820,39394,8371,1800
True,1820,30717,8376,1800
True,1836,50044,8381,1800
True,1833,41639,8386,1800
True,1831,41747,8391,1800
True,1834,30332,8396,1800
True,1832,30555,8401,1800
True,1837,5590,8406,1800
True,1852,53040,8689,1800
True,1820,18504,8411,1800
True,1834,234,8416,1800
True,1824,37416,8425,1800
True,1835,3181,8430,1800
True,1844,21933,8435,1800
True,1852,25087,8440,1800
True,1857,24540,8445,1800
True,1850,31291,8450,1800
True,1848,26429,8454,1800
True,1844,48443,8459,1800
True,1859,17398,8464,1800
True,1850,381,8469,1800
True,1859,3140,8474,1800
True,1853,33667,8479,1800
True,1855,37154,8484,1800
True,1843,42303,8489,1800
True,1854,30384,8494,1800
True,1857,38938,8499,1800
True,1858,18787,8504,1800
True,1844,24023,8509,1800
True,1847,6909,8514,1800
True,1859,15896,8519,1800
True,1844,36794,8524,1800
True,1857,1463,8529,1800
True,1855,42995,8534,1800
True,1840,38517,8539,1800
True,1859,50531,8544,1800
True,1848,48635,8549,1800
True,1854,49932,8554,1800
True,1857,4312,8559,1800
True,1844,25411,8564,1800
True,1858,42764,8569,1800
True,1847,36625,8574,1800
True,1851,27906,8579,1800
True,1856,23640,8584,1800
True,1857,50391,8589,1800
True,1842,12977,8594,1800
True,1857,21121,8599,1800
True,1841,39780,8604,1800
True,1846,32703,8609,1800
True,1840,9386,8614,1800
True,1846,7431,8619,1800
True,1856,38283,8624,1800
True,1850,27697,8629,1800
True,1842,23063,8634,1800
True,1843,21932,8639,1800
True,1850,5306,8644,1800
True,1859,29259,8649,1800
False,1854,16455,8654,1700
True,1844,43947,8659,1800
True,1857,24764,8664,1800
True,1858,14356,8669,1800
True,1855,32512,8674,1800
True,1855,38871,8679,1800
True,1858,33302,8684,1800
True,1856,485,8694,1800
True,1844,36479,8699,1800
True,1850,28255,8704,1800
True,1853,13111,8709,1800
True,1843,32888,8714,1800
True,1851,6172,8719,1800
True,1844,16529,8724,1800
True,1840,33179,8729,1800
True,1855,37342,8734,1800
True,1847,30899,8738,1800
True,1849,36110,8743,1800
True,1846,21214,8748,1800
True,1852,19693,8753,1800
True,1848,17050,8758,1800
True,1840,51235,8763,1800
True,1859,43232,8768,1800
True,1858,33072,8773,1800
True,1856,50747,8778,1800
True,1854,37795,8783,1800
True,1855,24895,8788,1800
True,1840,2996,8793,1800
True,1853,25572,8798,1800
True,1841,19691,8803,1800
True,1842,35710,8808,1800
True,1850,43325,8813,1800
True,1856,15489,8818,1800
True,1850,42831,8823,1800
True,1842,6916,8828,1800
True,1845,29086,8833,1800
True,1841,39978,8838,1800
True,1850,322,8843,1800
True,1852,38013,8848,1800
True,1859,355,8853,1800
True,1856,28994,8858,1800
True,1857,21129,8863,1800
True,1857,50302,8868,1800
True,1844,7300,8873,1800
True,1857,40464,8878,1800
True,1852,3965,8883,1800
True,1844,19600,8888,1800
True,1852,16134,8893,1800
True,1859,2852,8898,1800
False,1845,46982,8903,1700
True,1859,9832,8908,1800
True,1845,16785,8913,1800
True,1853,21783,8918,1800
True,1856,37179,8923,1800
True,1851,51702,8928,1800
True,1859,19742,8933,1800
True,1840,38236,8938,1800
True,1843,24613,8943,1800
True,1850,9316,8948,1800
True,1854,50294,8953,1800
True,1857,40353,8958,1800
True,1840,52713,8963,1800
True,1853,32016,8968,1800
True,1845,30600,8973,1800
True,1843,36898,8978,1800
True,1856,27616,8983,1800
True,1843,34071,8988,1800
True,1845,6301,8993,1800
True,1841,25309,8998,1800
True,1858,36585,9003,1800
True,1850,29005,9008,1800
True,1849,51732,9013,1800
True,1846,23135,9018,1800
True,1851,20576,9023,1800
True,1846,30375,9028,1800
True,1843,33549,9032,1800
True,1846,31769,9037,1800
True,1859,31097,9042,1800
True,1844,14575,9047,1800
True,1842,52480,9052,1800
True,1856,20336,9057,1800
True,1850,29109,9062,1800
True,1855,42189,9067,1800
True,1849,31315,9072,1800
True,1856,518,9077,1800
True,1854,20609,9082,1800
True,1854,41923,9087,1800
True,1847,50276,9092,1800
True,1856,50496,9097,1800
True,1852,43568,9102,1800
True,1852,7508,9107,1800
True,1856,51900,9112,1800
True,1842,12658,9117,1800
True,1858,17614,9122,1800
False,1840,35501,9127,1700
True,1853,23511,9132,1800
True,1846,34923,9137,1800
True,1852,33769,9142,1800
True,1842,41263,9147,1800
True,1842,43835,9152,1800
True,1847,42455,9157,1800
True,1859,865,9162,1800
True,1859,7848,9167,1800
False,1843,45980,9172,1700
True,1846,8644,9177,1800
True,1845,40243,9182,1800
True,1856,4358,9187,1800
True,1849,10370,9191,1800
True,1850,9315,9196,1800
True,1857,13496,9201,1800
True,1849,7955,9206,1800
True,1848,6492,9211,1800
True,1858,32892,9216,1800
True,1849,41831,9221,1800
True,1857,43317,9225,1800
True,1856,30689,9230,1800
True,1858,11941,9235,1800
True,1844,5127,9240,1800
True,1844,2022,9245,1800
True,1847,1276,9250,1800
True,1856,42230,9255,1800
True,1844,3229,9260,1800
True,1850,9317,9265,1800
True,1847,22794,9270,1800
True,1851,28613,9275,1800
True,1859,45068,9280,1800
True,1840,34753,9285,1800
True,1858,50898,9290,1800
True,1848,16325,9295,1800
True,1840,28463,9300,1800
True,1850,44228,9305,1800
True,1848,42950,9310,1800
True,1857,525,9315,1800
True,1841,38957,9320,1800
True,1859,41386,9325,1800
True,1849,21666,9330,1800
True,1850,426,9335,1800
True,1857,19659,9340,1800
True,1856,19363,9344,1800
True,1854,47898,9349,1800
True,1840,40083,9354,1800
True,1846,32795,9359,1800
True,1853,39546,9364,1800
True,1854,31350,9369,1800
True,1850,44819,9374,1800
True,1844,7044,9379,1800
True,1859,39743,9384,1800
True,1853,7386,9389,1800
True,1858,50567,9394,1800
True,1855,24837,9399,1800
True,1840,28970,9404,1800
True,1847,40136,9408,1800
True,1854,36189,9413,1800
True,1859,26768,9418,1800
True,1856,1217,9423,1800
True,1876,18943,9428,1800
True,1876,5332,9433,1800
True,1874,36919,9438,1800
True,1862,24130,9443,1800
True,1873,11426,9448,1800
True,1863,29374,9453,1800
True,1877,25163,9458,1800
True,1877,30667,9463,1800
True,1874,41734,9468,1800
True,1876,22135,9473,1800
True,1871,33579,9478,1800
True,1869,37390,9483,1800
True,1876,1329,9488,1800
True,1866,34945,9493,1800
True,1861,35068,9498,1800
True,1879,39896,9503,1800
True,1872,5827,9508,1800
True,1861,40591,9513,1800
True,1867,20024,9518,1800
True,1870,15508,9523,1800
True,1873,3312,9528,1800
True,1869,15094,9533,1800
True,1867,11701,9538,1800
True,1865,23946,9543,1800
True,1876,19475,9548,1800
True,1863,7213,9553,1800
True,1877,34307,9558,1800
True,1863,22825,9563,1800
True,1868,20696,9568,1800
True,1872,50171,9577,1800
True,1874,26835,9582,1800
True,1867,19676,9587,1800
True,1860,1883,9592,1800
True,1868,31254,9597,1800
True,1871,11626,9602,1800
True,1866,39515,9607,1800
True,1867,29695,9612,1800
True,1870,9605,9617,1800
True,1872,47342,9621,1800
True,1867,32969,9626,1800
True,1871,30481,9630,1800
True,1867,2559,9635,1800
True,1874,17965,9640,1800
True,1874,48241,9645,1800
True,1879,14039,9650,1800
True,1863,11971,9655,1800
True,1864,25618,9660,1800
True,1863,19752,9665,1800
True,1866,14060,9670,1800
True,1864,42797,9675,1800
True,1871,31335,9680,1800
True,1876,37824,9685,1800
True,1871,6864,9690,1800
True,1872,36053,9695,1800
True,1869,12989,9700,1800
True,1876,44225,9705,1800
True,1865,18409,9710,1800
True,1867,29489,9715,1800
True,1865,33505,9720,1800
True,1865,8492,9725,1800
True,1870,2360,9730,1800
True,1866,10603,9735,1800
True,1867,12608,9740,1800
True,1862,6241,9745,1800
True,1869,31382,9749,1800
True,1865,34027,9753,1800
True,1860,1387,9758,1800
True,1871,16051,9763,1800
True,1871,15306,9768,1800
True,1869,27713,9773,1800
True,1863,5051,9778,1800
True,1866,9872,9783,1800
True,1872,26706,9788,1800
True,1876,33806,9792,1800
True,1862,22749,9797,1800
True,1863,19961,9802,1800
True,1861,35452,9807,1800
True,1878,30295,9812,1800
True,1875,1457,9817,1800
True,1872,1306,9822,1800
True,1873,4637,9827,1800
True,1861,2502,9832,1800
True,1872,46662,9837,1800
True,1871,5386,9842,1800
True,1865,47429,9847,1800
True,1863,21930,9852,1800
True,1866,5142,9857,1800
True,1867,10585,9862,1800
True,1869,46439,9867,1800
True,1860,20588,9872,1800
True,1870,14701,9877,1800
True,1868,8529,9882,1800
True,1866,41827,9887,1800
True,1863,46786,9892,1800
True,1865,38233,9897,1800
True,1866,16431,9902,1800
True,1870,401,9907,1800
True,1863,9808,9912,1800
True,1872,2622,9917,1800
True,1873,38608,9921,1800
True,1860,35805,9926,1800
True,1873,15069,9931,1800
True,1868,34341,9936,1800
True,1872,39102,9941,1800
True,1864,43742,9946,1800
True,1867,19487,9951,1800
True,1872,1261,9956,1800
True,1866,10910,9961,1800
True,1861,15343,9966,1800
True,1875,21865,9971,1800
True,1863,40697,9976,1800
True,1873,31662,9981,1800
True,1873,23886,9986,1800
True,1878,17745,9991,1800
True,1871,42255,9996,1800
True,1863,9298,10001,1800
True,1865,37032,10006,1800
True,1879,26517,10011,1800
True,1865,38684,10016,1800
True,1870,455,10021,1800
True,1870,22745,10026,1800
True,1861,21660,10031,1800
True,1873,13738,10036,1800
True,1875,3294,10041,1800
True,1876,17767,10046,1800
True,1875,14392,10051,1800
True,1866,10371,10056,1800
True,1869,26678,10061,1800
True,1875,33490,10066,1800
True,1864,20631,10071,1800
True,1875,48219,10076,1800
True,1870,3727,10081,1800
True,1875,15384,10086,1800
True,1860,20247,10090,1800
True,1877,50497,10095,1800
True,1871,20074,10100,1800
True,1868,24854,10105,1800
True,1869,46256,10110,1800
True,1866,12103,10115,1800
True,1866,40865,10120,1800
True,1875,37262,10125,1800
True,1869,20370,10130,1800
True,1869,7794,10135,1800
True,1874,11325,10140,1800
True,1862,9629,10145,1800
True,1864,11144,10150,1800
True,1861,12980,10155,1800
True,1874,15625,10160,1800
True,1867,5066,10165,1800
True,1870,35349,10170,1800
True,1876,2714,10175,1800
True,1861,27730,10180,1800
True,1865,39786,10185,1800
True,1862,21965,10190,1800
True,1874,2557,10195,1800
True,1864,31691,10200,1800
True,1868,14672,10205,1800
True,1862,40658,10210,1800
True,1862,295,10215,1800
True,1869,14076,10220,1800
True,1861,25765,10225,1800
True,1866,19328,10229,1800
True,1864,46963,10233,1800
True,1868,43292,10238,1800
True,1864,40203,10243,1800
True,1864,41090,10248,1800
True,1871,24134,10253,1800
True,1864,41199,10258,1800
True,1865,12584,10263,1800
True,1862,18882,10268,1800
True,1862,6211,10273,1800
True,1872,43988,10278,1800
True,1866,20510,10283,1800
True,1866,6901,10288,1800
True,1863,25424,10293,1800
True,1876,42427,10298,1800
True,1863,17497,10303,1800
True,1868,33587,10308,1800
True,1867,32132,10313,1800
True,1864,14176,10322,1800
True,1875,35545,10327,1800
True,1861,15733,10331,1800
True,1869,13161,10336,1800
True,1870,5980,10341,1800
True,1874,46950,10346,1800
True,1869,19126,10351,1800
True,1874,16647,10356,1800
True,1866,31678,10361,1800
True,1863,19570,10366,1800
True,1862,11309,10371,1800
True,1860,26935,10376,1800
True,1866,39995,10381,1800
True,1867,46660,10386,1800
True,1870,28107,10391,1800
True,1862,39081,10396,1800
True,1865,51298,10401,1800
True,1888,46189,10461,1800
True,1879,6973,10406,1800
True,1875,1153,10411,1800
True,1885,23727,10416,1800
True,1885,217,10421,1800
True,1881,12360,10426,1800
True,1894,1446,10431,1800
True,1886,41944,10436,1800
True,1882,2989,10441,1800
True,1889,30179,10446,1800
True,1887,6587,10451,1800
True,1892,10601,10456,1800
True,1881,11878,10466,1800
True,1883,19706,10471,1800
True,1893,42533,10476,1800
True,1887,15779,10481,1800
True,1880,47501,10486,1800
False,1888,42960,10491,1700
True,1884,45103,10496,1800
True,1883,11414,10501,1800
False,1896,24035,10506,1900
True,1886,25158,10515,1800
True,1880,22284,10520,1800
True,1881,50464,10525,1800
True,1892,16355,10530,1800
True,1888,24945,10535,1800
True,1880,37815,10540,1800
True,1888,31781,10545,1800
True,1881,11875,10550,1800
True,1890,22848,10555,1800
True,1883,8521,10560,1800
True,1884,36193,10565,1800
True,1883,52450,10570,1800
True,1893,36224,10575,1800
True,1889,5663,10580,1800
False,1895,29457,10585,1900
True,1885,27642,10590,1800
True,1888,1472,10595,1800
True,1894,11402,10600,1800
True,1882,2814,10605,1800
True,1890,6506,10610,1800
True,1893,33774,10615,1800
True,1883,39422,10620,1800
True,1896,35425,10625,1800
True,1890,46414,10630,1800
True,1883,43491,10635,1800
True,1890,42796,10640,1800
True,1882,11372,10645,1800
True,1880,4392,10650,1800
True,1885,14492,10655,1800
True,1888,33906,10660,1800
True,1884,765,10665,1800
True,1880,49181,10670,1800
True,1881,1747,10675,1800
True,1888,23874,10680,1800
True,1883,32048,10685,1800
True,1882,2892,10690,1800
True,1882,7805,10695,1800
True,1884,25037,10699,1800
True,1880,23730,10704,1800
True,1881,34478,10709,1800
True,1881,39402,10714,1800
True,1886,14293,10718,1800
True,1880,40646,10723,1800
True,1889,12763,10728,1800
True,1884,9862,10733,1800
True,1891,30011,10738,1800
True,1884,15826,10743,1800
True,1885,22734,10748,1800
True,1886,28665,10753,1800
True,1881,53327,10758,1800
True,1882,52974,10763,1800
True,1890,33793,10768,1800
True,1898,2003,10773,1800
True,1880,30687,10778,1800
True,1883,30040,10783,1800
True,1896,38739,10788,1800
True,1892,33231,10793,1800
True,1882,24742,10797,1800
True,1897,40608,10802,1800
True,1880,38339,10807,1800
False,1893,50682,10812,1900
True,1894,18079,10817,1800
True,1897,12681,10822,1800
True,1887,15547,10827,1800
True,1880,4252,10832,1800
True,1890,50895,10837,1800
True,1883,38046,10842,1800
True,1885,51633,10846,1800
True,1894,39378,10851,1800
True,1888,12330,10856,1800
True,1884,33086,10861,1800
True,1886,19379,10866,1800
True,1883,47416,10871,1800
True,1881,12516,10876,1800
True,1883,39364,10881,1800
True,1883,42800,10885,1800
True,1881,6880,10890,1800
True,1894,38489,10895,1800
True,1880,4915,10900,1800
True,1889,33825,10905,1800
True,1898,51409,10910,1800
True,1880,5150,10915,1800
True,1897,25141,10920,1800
True,1880,18129,10925,1800
True,1892,28418,10930,1800
True,1881,43624,10935,1800
True,1883,33797,10940,1800
True,1888,42888,10945,1800
True,1880,30291,10950,1800
True,1884,30836,10955,1800
True,1885,7940,10960,1800
True,1880,24458,10965,1800
True,1882,15502,10970,1800
True,1885,40017,10975,1800
True,1880,23990,10980,1800
True,1887,32164,10984,1800
True,1880,44829,10989,1800
True,1884,16981,10994,1800
True,1883,30640,10999,1800
True,1881,43685,11004,1800
True,1883,26519,11009,1800
True,1881,24737,11014,1800
False,1896,30408,11019,1900
True,1880,26320,11024,1800
True,1880,5094,11029,1800
True,1888,10970,11034,1800
True,1881,6984,11039,1800
True,1888,29041,11044,1800
True,1883,37633,11049,1800
True,1881,19962,11054,1800
True,1884,40344,11059,1800
True,1887,19931,11064,1800
True,1884,591,11068,1800
True,1894,2487,11073,1800
True,1890,19710,11078,1800
True,1891,11718,11083,1800
True,1888,17584,11088,1800
True,1881,10668,11093,1800
True,1882,13998,11098,1800
True,1885,35998,11103,1800
True,1894,24695,11108,1800
True,1891,16868,11113,1800
True,1896,32778,11118,1800
True,1897,40621,11122,1800
True,1880,26061,11127,1800
True,1881,8178,11132,1800
True,1881,25390,11137,1800
True,1882,18950,11142,1800
False,1882,2677,11147,1900
True,1891,15120,11152,1800
True,1887,262,11157,1800
True,1883,38177,11162,1800
True,1892,109,11167,1800
True,1893,37710,11172,1800
True,1890,39484,11177,1800
True,1885,41652,11182,1800
True,1882,53260,11187,1800
False,1897,29118,11192,1900
False,1896,18361,11197,1900
True,1892,14901,11202,1800
True,1886,34190,11207,1800
True,1891,38983,11212,1800
True,1889,12659,11217,1800
True,1882,16054,11222,1800
True,1880,14145,11227,1800
True,1894,42531,11232,1800
True,1885,23538,11237,1800
True,1880,45714,11242,1800
True,1880,52558,11247,1800
True,1884,16093,11251,1800
True,1887,12805,11256,1800
True,1884,18050,11261,1800
True,1893,14735,11266,1800
True,1881,27731,11271,1800
True,1883,21891,11276,1800
True,1888,25438,11281,1800
True,1883,40316,11286,1800
True,1884,48487,11291,1800
True,1898,29705,11296,1800
True,1889,16064,11301,1800
True,1883,30286,11306,1800
True,1881,7017,11311,1800
True,1893,48975,11316,1800
True,1883,27461,11320,1800
True,1881,18644,11325,1800
False,1896,51782,11330,1900
True,1896,4368,11339,1800
True,1882,3073,11344,1800
False,1898,29046,11349,1900
True,1887,25951,11354,1800
True,1897,19254,11359,1800
True,1893,42346,11363,1800
True,1880,36872,11368,1800
True,1880,30688,11373,1800
True,1890,41097,11378,1800
False,1899,22171,11383,1900
True,1883,16626,11388,1800
True,1882,6417,11393,1800
True,1880,3635,11398,1800
False,1954,101,11403,1800
False,1920,578,11408,1800
False,1910,1612,11411,1800
True,1947,2538,11415,1900
True,1961,4663,11420,1900
True,1961,5887,11426,1900
False,1917,7190,11431,1800
True,1961,8215,11436,1900
True,1961,8421,11441,1900
True,1971,11077,11446,1900
False,1907,11924,11451,1800
True,1961,14557,11455,1900
True,1971,16721,11460,1900
True,1971,17029,11465,1900
True,1909,17695,11470,1900
True,1904,18137,11475,1900
True,1904,18261,11480,1900
True,1928,18492,11485,1900
True,1915,18768,11490,1900
True,1904,18831,11495,1900
True,1971,19000,11500,1900
True,1912,19090,11505,1900
False,1919,19190,11509,1800
True,1904,19445,11514,1900
True,1930,19726,11519,1900
True,1910,20154,11524,1900
True,1911,20519,11529,1900
True,1910,20707,11534,1900
True,1912,20788,11539,1900
True,1910,20988,11544,1900
True,1925,21873,11549,1900
True,1921,22102,11554,1900
False,1909,22263,11559,1800
True,1927,22342,11564,1900
True,1906,22513,11569,1900
True,1925,22541,11574,1900
True,1910,22579,11579,1900
True,1906,22623,11584,1900
True,1928,22866,11589,1900
True,1928,22881,11594,1900
True,1902,22895,11599,1900
True,1928,22997,11604,1900
True,1914,23103,11609,1900
True,1924,23159,11614,1900
True,1917,23194,11619,1900
True,1927,23335,11624,1900
True,1927,23563,11629,1900
True,1912,23624,11634,1900
True,1922,23762,11639,1900
True,1910,23868,11644,1900
True,1933,23889,11649,1900
True,1927,24005,11654,1900
True,1919,24119,11659,1900
True,1927,24166,11663,1900
True,1915,24196,11668,1900
True,1928,24274,11673,1900
True,1928,24290,11678,1900
True,1911,24395,11683,1900
True,1927,24521,11688,1900
True,1920,24721,11693,1900
True,1928,24864,11698,1900
True,1917,24975,11703,1900
True,1911,25067,11708,1900
True,1927,25234,11712,1900
True,1935,25627,11717,1900
True,1917,25776,11722,1900
True,1927,26109,11727,1900
True,1911,26292,11732,1900
True,1917,26741,11737,1900
True,1931,26843,11742,1900
True,1915,26957,11747,1900
True,1928,27019,11752,1900
True,1911,27110,11757,1900
True,1910,27462,11762,1900
True,1906,27595,11767,1900
True,1925,27932,11772,1900
True,1933,28031,11776,1900
True,1912,28111,11781,1900
True,1904,28215,11786,1900
True,1913,28437,11791,1900
False,1933,28515,11796,1800
True,1928,28554,11801,1900
True,1928,28644,11806,1900
True,1928,28767,11811,1900
True,1922,28892,11816,1900
True,1917,28954,11821,1900
True,1928,29132,11826,1900
True,1917,29159,11831,1900
True,1910,29195,11836,1900
True,1910,29209,11841,1900
True,1930,29272,11846,1900
True,1927,29355,11851,1900
True,1928,29445,11856,1900
True,1928,29487,11861,1900
True,1928,29509,11866,1900
True,1929,29563,11871,1900
True,1923,29619,11876,1900
True,1910,29662,11881,1900
True,1906,29720,11886,1900
True,1922,29789,11890,1900
True,1923,29908,11899,1900
True,1917,29940,11904,1900
True,1927,29987,11909,1900
True,1916,30002,11914,1900
True,1933,30029,11919,1900
True,1918,30086,11924,1900
True,1961,30152,11929,1900
True,1909,30199,11934,1900
True,1917,30251,11939,1900
True,1933,30288,11944,1900
True,1928,30329,11949,1900
True,1917,30339,11954,1900
True,1927,30383,11959,1900
True,1915,30416,11964,1900
True,1933,30474,11969,1900
True,1927,30583,11974,1900
True,1909,30683,11979,1900
True,1911,30728,11984,1900
True,1919,30770,11989,1900
True,1927,30816,11994,1900
False,1948,30874,11998,1800
True,1917,30902,12003,1900
False,1915,30963,12008,1800
False,1917,31008,12013,1800
True,1920,31046,12018,1900
True,1902,31109,12023,1900
False,1901,31179,12028,1800
True,1928,31223,12033,1900
False,1918,31262,12038,1800
True,1913,31307,12043,1900
True,1918,31355,12048,1900
True,1916,31448,12053,1900
True,1934,31513,12058,1900
True,1920,31547,12061,1900
True,1925,31585,12066,1900
True,1914,31599,12071,1900
True,1922,31626,12076,1900
True,1914,31663,12081,1900
True,1929,31683,12086,1900
True,1917,31716,12090,1900
True,1921,31767,12095,1900
True,1909,31840,12100,1900
True,1911,31929,12105,1900
True,1928,31976,12110,1900
True,1919,32004,12115,1900
True,1900,32029,12120,1900
True,1911,32054,12125,1900
True,1915,32076,12130,1900
True,1921,32104,12135,1900
True,1919,32128,12140,1900
True,1915,32149,12145,1900
True,1915,32161,12150,1900
True,1914,32209,12155,1900
True,1924,32238,12160,1900
True,1914,32270,12165,1900
True,1900,32331,12170,1900
True,1929,32350,12175,1900
True,1922,32361,12180,1900
True,1923,32410,12185,1900
True,1902,32426,12190,1900
True,1927,32448,12195,1900
False,1919,32473,12200,1800
False,1900,32499,12205,1700
True,1907,32563,12210,1900
True,1907,32582,12215,1900
True,1918,32592,12220,1900
True,1920,32619,12225,1900
True,1928,32641,12230,1900
True,1909,32663,12235,1900
True,1915,32676,12240,1900
True,1921,32685,12245,1900
True,1916,32705,12250,1900
True,1921,32719,12255,1900
True,1917,32739,12260,1900
True,1906,32759,12265,1900
True,1907,32784,12270,1900
False,1907,32822,12275,1800
True,1924,32836,12280,1900
True,1906,32864,12285,1900
True,1928,32890,12290,1900
True,1918,32906,12295,1900
False,1917,33198,12300,1800
True,1960,33375,12305,1900
True,1930,33508,12310,1900
True,1931,33545,12315,1900
True,1902,33653,12320,1900
True,1925,33843,12325,1900
True,1916,33915,12330,1900
True,1942,34233,12335,1900
True,1902,34315,12340,1900
True,1941,34321,12345,1900
False,1908,34328,12350,1800
True,1905,34369,12355,1900
True,1913,34412,12360,1900
False,1910,34466,12365,1800
True,1901,34554,12370,1900
False,1907,34593,12375,1800
True,1910,34720,12380,1900
True,1902,34836,12385,1900
True,1912,35043,12390,1900
True,1930,35413,12395,1900
True,1924,35879,12400,1900
False,1905,36021,12405,1800
True,1930,36285,12410,1900
True,1906,36867,12415,1900
False,1907,37350,12420,1800
False,1931,37740,12425,1800
True,1906,38287,12430,1900
True,1935,38366,12435,1900
False,1902,38703,12440,1800
True,1902,39222,12445,1900
False,1909,39467,12450,1800
False,1909,39907,12455,1800
True,1905,40042,12460,1900
False,1901,40647,12465,1800
False,1905,40725,12470,1800
True,1916,40965,12475,1900
True,1909,40993,12480,1900
True,1905,41260,12485,1900
True,1928,41565,12490,1900
False,1910,41662,12495,1800
True,1900,41715,12500,1900
True,1942,41981,12505,1900
True,1906,42188,12510,1900
False,1906,42243,12515,1800
False,1916,42654,12520,1800
True,1932,43048,12525,1900
False,1919,43884,12530,1800
True,1909,44717,12535,1900
True,1904,45485,12540,1900
False,1900,47055,12545,1800
False,1913,48612,12550,1800
False,1908,49074,12555,1800
True,1928,49531,12560,1900
True,1920,49821,12565,1900
True,1911,50063,12570,1900
True,1903,50290,12575,1900
True,1928,50449,12580,1900
True,1900,50635,12585,1900
True,1915,50736,12590,1900
True,1906,50796,12595,1900
False,1901,50828,12600,1800
True,1928,50848,12605,1900
True,1906,50885,12610,1900
True,1914,50940,12615,1900
True,1915,50969,12620,1900
True,1906,51009,12625,1900
True,1939,51047,12630,1900
True,1910,51082,12635,1900
True,1903,51125,12640,1900
True,1910,51152,12645,1900
True,1920,51185,12650,1900
True,1920,51203,12655,1900
True,1915,51241,12660,1900
True,1926,51268,12665,1900
True,1925,51335,12674,1900
True,1933,51351,12679,1900
True,1910,51380,12684,1900
True,1922,51413,12689,1900
True,1936,51445,12694,1900
True,1910,51493,12699,1900
True,1917,51519,12704,1900
True,1910,51549,12709,1900
True,1914,51596,12714,1900
True,1933,51623,12719,1900
True,1924,51662,12724,1900
True,1933,51688,12729,1900
True,1931,51726,12734,1900
True,1926,51758,12739,1900
True,1917,51799,12744,1900
True,1931,51822,12749,1900
True,1919,51845,12754,1900
True,1922,51867,12759,1900
False,1905,52254,12764,1800
True,1925,52855,12769,1900
True,1908,53045,12774,1900
